{"cameraMode":{"drawMode":0,"name":"Shaded","section":"Shading Mode"},"sceneLighting":false,"audioPlay":false,"sceneViewState":{"showFog":true,"showMaterialUpdate":true,"showSkybox":false,"showFlares":true,"showImageEffects":true,"showParticleSystems":true,"showVisualEffectGraphs":true,"m_FxEnabled":true},"in2DMode":false,"pivot":{"x":-7.523791790008545,"y":1.3888734579086304,"z":19.71096420288086},"rotation":{"x":-0.08114240318536759,"y":-0.0022711835335940124,"z":0.003581903176382184,"w":-0.9958602786064148},"size":0.866025447845459,"orthographic":false}