{"cameraMode":{"drawMode":0,"name":"Shaded","section":"Shading Mode"},"sceneLighting":false,"audioPlay":false,"sceneViewState":{"showFog":true,"showMaterialUpdate":true,"showSkybox":false,"showFlares":true,"showImageEffects":true,"showParticleSystems":true,"showVisualEffectGraphs":true,"m_FxEnabled":true},"in2DMode":false,"pivot":{"x":10.429969787597657,"y":6.0011749267578129,"z":5.793609619140625},"rotation":{"x":0.040796440094709399,"y":0.9491568803787231,"z":-0.14096306264400483,"w":0.2777922749519348},"size":1.283421516418457,"orthographic":false}