{"cameraMode":{"drawMode":0,"name":"Shaded","section":"Shading Mode"},"sceneLighting":false,"audioPlay":false,"sceneViewState":{"showFog":true,"showMaterialUpdate":true,"showSkybox":false,"showFlares":true,"showImageEffects":true,"showParticleSystems":true,"showVisualEffectGraphs":true,"m_FxEnabled":true},"in2DMode":false,"pivot":{"x":-6.095300197601318,"y":-10.190271377563477,"z":-17.845882415771486},"rotation":{"x":-0.00022418734442908317,"y":0.9886854290962219,"z":-0.1437148153781891,"w":0.016498111188411714},"size":5.62382698059082,"orthographic":false}