{"cameraMode":{"drawMode":0,"name":"Shaded","section":"Shading Mode"},"sceneLighting":false,"audioPlay":false,"sceneViewState":{"showFog":true,"showMaterialUpdate":true,"showSkybox":false,"showFlares":true,"showImageEffects":true,"showParticleSystems":true,"showVisualEffectGraphs":true,"m_FxEnabled":true},"in2DMode":false,"pivot":{"x":7.179999828338623,"y":-0.18799997866153718,"z":4.203999996185303},"rotation":{"x":-0.19782833755016328,"y":-0.13729257881641389,"z":0.028250524774193765,"w":-0.9695703983306885},"size":2.666025161743164,"orthographic":false}