{"cameraMode":{"drawMode":0,"name":"Shaded","section":"Shading Mode"},"sceneLighting":false,"audioPlay":false,"sceneViewState":{"showFog":true,"showMaterialUpdate":true,"showSkybox":false,"showFlares":true,"showImageEffects":true,"showParticleSystems":true,"showVisualEffectGraphs":true,"m_FxEnabled":true},"in2DMode":false,"pivot":{"x":4.184451103210449,"y":5.582315921783447,"z":14.606492042541504},"rotation":{"x":0.07820926606655121,"y":-0.013006717897951603,"z":-0.0031899274326860906,"w":0.9960161447525024},"size":6.538348197937012,"orthographic":false}